{"count":1,"self":659.27961599999992,"total":11468.072994,"children":{"InitializeActuators":{"count":6,"self":0.0020599999999999998,"total":0.0020599999999999998,"children":null},"InitializeSensors":{"count":6,"self":0.045557,"total":0.045557,"children":null},"AgentSendState":{"count":1250344,"self":15.688742399999999,"total":4866.837796,"children":{"GridSensor.Update":{"count":1501614,"self":4453.187584,"total":4453.187546,"children":null},"CollectObservations":{"count":1501614,"self":0.899816,"total":0.899816,"children":null},"WriteActionMask":{"count":1501614,"self":1.467573,"total":1.467573,"children":null},"RequestDecision":{"count":1501614,"self":3.4703019999999998,"total":395.594118,"children":{"AgentInfo.ToProto":{"count":1501614,"self":5.5541008,"total":392.123816,"children":{"GenerateSensorData":{"count":1501614,"self":17.3036064,"total":386.569715,"children":{"GridSensor.GetCompressedObservation":{"count":1501614,"self":369.2660992,"total":369.266109,"children":null}}}}}}}}},"DecideAction":{"count":1250344,"self":5904.2762752,"total":5904.2761519999995,"children":null},"AgentAct":{"count":1250344,"self":32.7947456,"total":37.628723,"children":{"GridSensor.Update":{"count":1500,"self":4.4594632,"total":4.4594629999999995,"children":null},"AgentInfo.ToProto":{"count":1500,"self":0.0049029999999999994,"total":0.37451399999999996,"children":{"GenerateSensorData":{"count":1500,"self":0.015085999999999999,"total":0.36961099999999997,"children":{"GridSensor.GetCompressedObservation":{"count":1500,"self":0.354525,"total":0.354525,"children":null}}}}}}}},"gauges":{"GridFoodCollector.CumulativeReward":{"count":1500,"max":30,"min":-38,"runningAverage":-1.03466678,"value":20,"weightedAverage":4.83188963}},"metadata":{"timer_format_version":"0.1.0","start_time_seconds":"1699651370","unity_version":"2021.3.22f1","command_line_arguments":"\/itf-fi-ml\/home\/hermanno\/Master-Codebase\/builds\/Linus_FoodCollector_1_envs_no_respawn_wall_penalty_2_and_-4_no_wall-hit_reward_6_agents.x86_64 -nographics -batchmode --mlagents-port 5084","communication_protocol_version":"1.5.0","com.unity.ml-agents_version":"2.3.0-exp.3","scene_name":"FoodCollector","end_time_seconds":"1699662837"}}