{"count":1,"self":422.8838912,"total":9057.7111539999987,"children":{"InitializeActuators":{"count":6,"self":0.0018189999999999999,"total":0.0018189999999999999,"children":null},"InitializeSensors":{"count":6,"self":0.0071389999999999995,"total":0.0071389999999999995,"children":null},"AgentSendState":{"count":1250344,"self":10.5697872,"total":3854.017837,"children":{"GridSensor.Update":{"count":1501614,"self":3538.0445184,"total":3538.044665,"children":null},"CollectObservations":{"count":1501614,"self":0.60718299999999992,"total":0.60718299999999992,"children":null},"WriteActionMask":{"count":1501614,"self":0.79159799999999991,"total":0.79159799999999991,"children":null},"RequestDecision":{"count":1501614,"self":2.230881,"total":304.004604,"children":{"AgentInfo.ToProto":{"count":1501614,"self":3.013292,"total":301.77372299999996,"children":{"GenerateSensorData":{"count":1501614,"self":8.9273872,"total":298.760431,"children":{"GridSensor.GetCompressedObservation":{"count":1501614,"self":289.8330368,"total":289.833044,"children":null}}}}}}}}},"DecideAction":{"count":1250344,"self":4750.1938688,"total":4750.1938599999994,"children":null},"AgentAct":{"count":1250344,"self":26.7663984,"total":30.603422,"children":{"GridSensor.Update":{"count":1500,"self":3.53632,"total":3.53632,"children":null},"AgentInfo.ToProto":{"count":1500,"self":0.0040209999999999994,"total":0.300703,"children":{"GenerateSensorData":{"count":1500,"self":0.008524,"total":0.296682,"children":{"GridSensor.GetCompressedObservation":{"count":1500,"self":0.28815799999999997,"total":0.28815799999999997,"children":null}}}}}}}},"gauges":{"GridFoodCollector.CumulativeReward":{"count":1500,"max":28,"min":-185,"runningAverage":-22.3779945,"value":12,"weightedAverage":-6.130952}},"metadata":{"timer_format_version":"0.1.0","start_time_seconds":"1699625342","unity_version":"2021.3.22f1","command_line_arguments":"\/itf-fi-ml\/home\/hermanno\/Master-Codebase\/builds\/Linus_FoodCollector_1_envs_no_respawn_wall_penalty_2_and_-4_reward_6_agents.x86_64 -nographics -batchmode --mlagents-port 5005","communication_protocol_version":"1.5.0","com.unity.ml-agents_version":"2.3.0-exp.3","scene_name":"FoodCollector","end_time_seconds":"1699634400"}}