{"count":1,"self":187.3908224,"total":5054.2514249999995,"children":{"InitializeActuators":{"count":7,"self":0.002065,"total":0.002065,"children":null},"InitializeSensors":{"count":7,"self":0.007395,"total":0.007395,"children":null},"AgentSendState":{"count":500354,"self":4.715908,"total":1717.864646,"children":{"GridSensor.Update":{"count":701057,"self":1573.7611264,"total":1573.7611769999999,"children":null},"CollectObservations":{"count":701057,"self":0.27880299999999997,"total":0.27880299999999997,"children":null},"WriteActionMask":{"count":701057,"self":0.334669,"total":0.334669,"children":null},"RequestDecision":{"count":701057,"self":1.0278639999999999,"total":138.774089,"children":{"AgentInfo.ToProto":{"count":701057,"self":1.56106,"total":137.74622499999998,"children":{"GenerateSensorData":{"count":701057,"self":4.316928,"total":136.18516499999998,"children":{"GridSensor.GetCompressedObservation":{"count":701057,"self":131.8682368,"total":131.868237,"children":null}}}}}}}}},"DecideAction":{"count":500354,"self":3135.4312704,"total":3135.4312849999997,"children":null},"AgentAct":{"count":500354,"self":11.830876799999999,"total":13.552042,"children":{"GridSensor.Update":{"count":700,"self":1.5849179999999998,"total":1.5849179999999998,"children":null},"AgentInfo.ToProto":{"count":700,"self":0.0012879999999999999,"total":0.136247,"children":{"GenerateSensorData":{"count":700,"self":0.003313,"total":0.134959,"children":{"GridSensor.GetCompressedObservation":{"count":700,"self":0.13164599999999999,"total":0.13164599999999999,"children":null}}}}}}}},"gauges":{"GridFoodCollector.CumulativeReward":{"count":700,"max":30,"min":-36,"runningAverage":-2.03714275,"value":10,"weightedAverage":1.9678508}},"metadata":{"timer_format_version":"0.1.0","start_time_seconds":"1699707984","unity_version":"2021.3.22f1","command_line_arguments":"\/itf-fi-ml\/home\/hermanno\/Master-Codebase\/builds\/Linus_FoodCollector_1_envs_no_respawn_wall_penalty_2_and_-4_no_wall-hit_reward_7_agents.x86_64 -nographics -batchmode --mlagents-port 6056","communication_protocol_version":"1.5.0","com.unity.ml-agents_version":"2.3.0-exp.3","scene_name":"FoodCollector","end_time_seconds":"1699713038"}}