{"count":1,"self":17096.1944576,"total":55455.038723,"children":{"InitializeActuators":{"count":5,"self":0.001882,"total":0.001882,"children":null},"InitializeSensors":{"count":5,"self":0.006085,"total":0.006085,"children":null},"AgentSendState":{"count":1250251,"self":25.0849312,"total":3411.987452,"children":{"GridSensor.Update":{"count":1251255,"self":3066.1492736,"total":3066.149313,"children":null},"CollectObservations":{"count":1251255,"self":0.98338799999999993,"total":0.98338799999999993,"children":null},"WriteActionMask":{"count":1251255,"self":1.8622159999999999,"total":1.8622159999999999,"children":null},"RequestDecision":{"count":1251255,"self":3.3387119999999997,"total":317.907604,"children":{"AgentInfo.ToProto":{"count":1251255,"self":5.1655679999999995,"total":314.568892,"children":{"GenerateSensorData":{"count":1251255,"self":16.131736,"total":309.403324,"children":{"GridSensor.GetCompressedObservation":{"count":1251255,"self":293.2715776,"total":293.271588,"children":null}}}}}}}}},"DecideAction":{"count":1250251,"self":34905.492684799996,"total":34905.492185999996,"children":null},"AgentAct":{"count":1250251,"self":37.8506496,"total":41.352002,"children":{"GridSensor.Update":{"count":1250,"self":3.1878349999999998,"total":3.1878349999999998,"children":null},"AgentInfo.ToProto":{"count":1250,"self":0.004842,"total":0.313517,"children":{"GenerateSensorData":{"count":1250,"self":0.018262999999999998,"total":0.308675,"children":{"GridSensor.GetCompressedObservation":{"count":1250,"self":0.290412,"total":0.290412,"children":null}}}}}}}},"gauges":{"GridFoodCollector.CumulativeReward":{"count":1250,"max":10,"min":-6,"runningAverage":0.126400024,"value":0,"weightedAverage":0.146217018}},"metadata":{"timer_format_version":"0.1.0","start_time_seconds":"1683227001","unity_version":"2021.3.22f1","command_line_arguments":"\/itf-fi-ml\/home\/hermanno\/Master-Codebase\/builds\/Linus_FoodCollector_4_no_respawn.x86_64 -nographics -batchmode --mlagents-port 5005","communication_protocol_version":"1.5.0","com.unity.ml-agents_version":"2.3.0-exp.3","scene_name":"FoodCollector","end_time_seconds":"1683282456"}}