{"count":1,"self":804.0607744,"total":11395.733140999999,"children":{"InitializeActuators":{"count":5,"self":0.001784,"total":0.001784,"children":null},"InitializeSensors":{"count":5,"self":0.005658,"total":0.005658,"children":null},"AgentSendState":{"count":2500602,"self":14.738544,"total":6263.462446,"children":{"GridSensor.Update":{"count":2502605,"self":5774.370816,"total":5774.370734,"children":null},"CollectObservations":{"count":2502605,"self":1.236429,"total":1.236429,"children":null},"WriteActionMask":{"count":2502605,"self":1.383422,"total":1.383422,"children":null},"RequestDecision":{"count":2502605,"self":3.9668767999999996,"total":471.733317,"children":{"AgentInfo.ToProto":{"count":2502605,"self":5.1832552,"total":467.76644,"children":{"GenerateSensorData":{"count":2502605,"self":12.7457216,"total":462.58318499999996,"children":{"GridSensor.GetCompressedObservation":{"count":2502605,"self":449.8374656,"total":449.83746299999996,"children":null}}}}}}}}},"DecideAction":{"count":2500602,"self":4289.9800064,"total":4289.9801879999995,"children":null},"AgentAct":{"count":2500602,"self":31.906569599999997,"total":38.219283,"children":{"GridSensor.Update":{"count":2500,"self":5.8424359999999993,"total":5.8424359999999993,"children":null},"AgentInfo.ToProto":{"count":2500,"self":0.0043939999999999995,"total":0.47027599999999997,"children":{"GenerateSensorData":{"count":2500,"self":0.011696999999999999,"total":0.46588199999999996,"children":{"GridSensor.GetCompressedObservation":{"count":2500,"self":0.454185,"total":0.454185,"children":null}}}}}}}},"gauges":{"GridFoodCollector.CumulativeReward":{"count":2500,"max":10,"min":-7,"runningAverage":0.0335999951,"value":-3,"weightedAverage":-0.5669974}},"metadata":{"timer_format_version":"0.1.0","start_time_seconds":"1692201540","unity_version":"2021.3.22f1","command_line_arguments":"\/itf-fi-ml\/home\/hermanno\/Master-Codebase\/builds\/Linus_FoodCollector_1_env_no_respawn_headless.x86_64 -nographics -batchmode --mlagents-port 5007","communication_protocol_version":"1.5.0","com.unity.ml-agents_version":"2.3.0-exp.3","scene_name":"FoodCollector","end_time_seconds":"1692212936"}}